model,cv_r2_mean,cv_mae_mean,cv_rmse_mean,val_r2,val_mae,val_rmse
HistGradientBoosting,0.8841350931809566,76750.8680398002,172415.70338900565,0.925758766400198,73097.80057536482,139708.34864942293
Random Forest,0.8745178138179786,79393.82125842146,180298.59802362,0.925657644833759,74470.57661917219,139803.46236849495
Extra Trees,0.8948444260756048,78904.31461496602,166341.19808344808,0.9152088024164798,78195.53664016555,149305.27583391182
Ridge (Hybrid Text + Tabular),0.9219364944810522,72319.85075804009,143802.4005085981,0.889696185946642,76996.26902010593,170292.30908580692
ElasticNet (Hybrid Text + Tabular),0.8954039565566798,80471.85463444584,167546.22197135317,0.8767828811308375,82832.80512573724,179984.57810807257
Ridge (Tabular),0.8771824035275058,95104.77518386087,181199.64287201763,0.8634730729168548,94778.30633544215,189456.24579843294
Dummy Median,-0.04706248133757267,277162.95083740284,531784.9262319787,-0.052966284624719195,277547.1076923077,526146.8835243214
