,R2,MAE,RMSE
HistGradientBoosting (Tuned),0.8973752953044373,73452.78661593208,164725.40554362885
